{
  "TH-MCP": {
    "xyz": [
      0.0,
      -0.002,
      0.0
    ],
    "radius": 0.013,
    "k": 0.039,
    "theta_prime": 3.14159265358979
  },
  "TH-PIP": {
    "xyz": [
      0.0,
      0.002,
      0.0
    ],
    "radius": 0.011,
    "k": 0.032,
    "theta_prime": 3.14159265358979
  },
  "TH-DIP": {
    "xyz": [
      0.0,
      -0.001,
      0.0
    ],
    "radius": 0.009,
    "k": 0.018,
    "theta_prime": 3.14159265358979
  },
  "IF-MCP": {
    "xyz": [
      -0.004,
      0.0,
      0.0
    ],
    "radius": 0.009,
    "k": 0.04,
    "theta_prime": 1.5707963267949
  },
  "IF-PIP": {
    "xyz": [
      0.002,
      0.0,
      0.0
    ],
    "radius": 0.007,
    "k": 0.02,
    "theta_prime": 1.5707963267949
  },
  "IF-DIP": {
    "xyz": [
      -0.003,
      0.0,
      0.0
    ],
    "radius": 0.0075,
    "k": 0.015,
    "theta_prime": 1.5707963267949
  },
  "MF-MCP": {
    "xyz": [
      0.0,
      0.003,
      0.0
    ],
    "radius": 0.009,
    "k": 0.041,
    "theta_prime": 0.0
  },
  "MF-PIP": {
    "xyz": [
      0.001,
      -0.002,
      0.0
    ],
    "radius": 0.007,
    "k": 0.02,
    "theta_prime": 0.0
  },
  "MF-DIP": {
    "xyz": [
      -0.003,
      0.002,
      0.0
    ],
    "radius": 0.0075,
    "k": 0.019,
    "theta_prime": 0.0
  },
  "RF-MCP": {
    "xyz": [
      0.003,
      0.004,
      0.0
    ],
    "radius": 0.0075,
    "k": 0.038,
    "theta_prime": 0.0
  },
  "RF-PIP": {
    "xyz": [
      0.0,
      -0.002,
      0.0
    ],
    "radius": 0.008,
    "k": 0.02,
    "theta_prime": 0.0
  },
  "RF-DIP": {
    "xyz": [
      0.0,
      0.003,
      0.0
    ],
    "radius": 0.0075,
    "k": 0.015,
    "theta_prime": 0.0
  },
  "LF-MCP": {
    "xyz": [
      0.0,
      0.003,
      0.0
    ],
    "radius": 0.009,
    "k": 0.032,
    "theta_prime": 0.0
  },
  "LF-PIP": {
    "xyz": [
      0.0,
      -0.002,
      0.0
    ],
    "radius": 0.008,
    "k": 0.014,
    "theta_prime": 0.0
  },
  "LF-DIP": {
    "xyz": [
      0.0,
      0.0015,
      0.0
    ],
    "radius": 0.0076,
    "k": 0.017,
    "theta_prime": 0.0
  }
}